{
  "quality": {
    "cloud_quality": "FANCY",
    "weather_quality": "DEFAULT",
    "enable_vignette": true,
    "enable_clouds": true,
    "smooth_lighting": "HIGH"
  },
  "advanced": {
    "chunk_renderer_backend": "GL20",
    "animate_only_visible_textures": true,
    "use_advanced_entity_culling": true,
    "use_particle_culling": true,
    "use_fog_occlusion": true,
    "use_compact_vertex_format": true,
    "use_chunk_face_culling": true,
    "use_memory_intrinsics": true,
    "disable_driver_blacklist": false
  }
}